quantile,fill_time_ms
10,3.44226
20,3.613037
30,3.728149
40,3.872314
50,3.985473
60,4.104736
70,4.352784
80,5.070801
90,38.464965
91,65.845117
92,82.678125
93,98.768787
94,109.172241
95,112.284119
96,114.293896
97,130.206262
98,142.558496
99,148.164698
