quantile,fill_time_ms
10,70.589355
20,71.609863
30,72.400317
40,73.123291
50,73.920288
60,74.781592
70,75.805249
80,77.48711
90,82.817554
91,84.27166
92,88.302363
93,94.320888
94,99.764272
95,126.388977
96,133.520029
97,140.472488
98,146.615869
99,154.201209
