quantile,fill_time_ms
10,3.352661
20,3.482032
30,3.68269
40,3.900293
50,4.027343
60,4.853223
70,11.156055
80,64.945264
90,100.848194
91,101.065295
92,101.734815
93,103.41219
94,109.654332
95,112.54718
96,113.550195
97,114.708972
98,115.960498
99,117.068909
