quantile,fill_time_ms
10,78.935986
20,80.404492
30,81.378345
40,82.163232
50,82.921631
60,83.677588
70,84.792529
80,87.336036
90,102.502758
91,105.587332
92,108.61503
93,113.107559
94,120.489883
95,123.918603
96,134.538642
97,141.709128
98,156.520166
99,173.176479
