quantile,fill_time_ms
10,5.043945
20,5.805518
30,30.244482
40,66.81206
50,68.531006
60,75.048388
70,86.633398
80,95.082715
90,100.324365
91,101.333701
92,102.343037
93,103.352373
94,104.361709
95,105.371045
96,106.380381
97,107.389717
98,108.399053
99,109.408389
