worker_index,flush_seq,flush_batch_size,gap_ms
0,91,100,97.798096
0,92,100,6.149658
0,93,100,4.077881
0,94,100,5.281982
0,706,100,68.528564
0,905,100,93.268311
0,1623,100,76.674805
0,1957,100,110.41626
0,2032,100,66.379883
