quantile,fill_time_ms
10,70.121826
20,71.099072
30,71.883716
40,72.641846
50,73.458496
60,74.426025
70,75.645752
80,77.323779
90,82.69458
91,85.893154
92,92.574209
93,98.421455
94,107.131592
95,126.102088
96,133.286797
97,140.619079
98,146.910068
99,158.153362
